year_month,monthly_cost_usd,prev_month_cost_usd,mom_cost_growth_pct,prev_year_month_cost_usd,yoy_cost_growth_pct
2016-01,251871.95,,,,
2016-02,256441.92,251871.94999999998,1.81,,
2016-03,262776.82,256441.91999999998,2.47,,
2016-04,257683.12,262776.82,-1.94,,
2016-05,293016.65,257683.12,13.71,,
2016-06,276389.26,293016.65,-5.67,,
2016-07,259446.37,276389.26,-6.13,,
2016-08,250558.67,259446.37,-3.43,,
2016-09,254419.8,250558.67,1.54,,
2016-10,278509.19,254419.8,9.47,,
2016-11,243543.52,278509.19,-12.55,,
2016-12,273912.03,243543.52,12.47,,
2017-01,327543.39,273912.02999999997,19.58,251871.94999999998,30.04
2017-02,308289.34,327543.39,-5.88,256441.91999999998,20.22
2017-03,279050.37,308289.34,-9.48,262776.82,6.19
2017-04,334567.59,279050.37,19.9,257683.12,29.84
2017-05,311501.99,334567.58999999997,-6.89,293016.65,6.31
2017-06,292960.25,311501.99,-5.95,276389.26,6.0
2017-07,312327.07,292960.25,6.61,259446.37,20.38
2017-08,299995.6,312327.07,-3.95,250558.67,19.73
2017-09,321001.19,299995.6,7.0,254419.8,26.17
2017-10,318478.87,321001.19,-0.79,278509.19,14.35
2017-11,334171.61,318478.87,4.93,243543.52,37.21
2017-12,314740.92,334171.61,-5.81,273912.02999999997,14.91
2018-01,339433.99,314740.92,7.85,327543.39,3.63
2018-02,381102.42,339433.99,12.28,308289.34,23.62
2018-03,342151.99,381102.42,-10.22,279050.37,22.61
2018-04,390827.72,342151.99,14.23,334567.58999999997,16.82
2018-05,341481.71,390827.72,-12.63,311501.99,9.62
2018-06,354312.32,341481.71,3.76,292960.25,20.94
2018-07,362708.11,354312.32,2.37,312327.07,16.13
2018-08,352113.39,362708.11,-2.92,299995.6,17.37
2018-09,322478.56,352113.39,-8.42,321001.19,0.46
2018-10,349355.88,322478.56,8.33,318478.87,9.7
2018-11,350436.26,349355.88,0.31,334171.61,4.87
2018-12,347889.17,350436.26,-0.73,314740.92,10.53
2019-01,399581.57,347889.17,14.86,339433.99,17.72
2019-02,396950.4,399581.57,-0.66,381102.42,4.16
2019-03,407781.22,396950.4,2.73,342151.99,19.18
2019-04,383142.96,407781.22,-6.04,390827.72,-1.97
2019-05,378609.19,383142.95999999996,-1.18,341481.71,10.87
2019-06,400549.97,378609.19,5.8,354312.32,13.05
2019-07,401039.34,400549.97,0.12,362708.11,10.57
2019-08,372569.18,401039.33999999997,-7.1,352113.39,5.81
2019-09,410503.77,372569.18,10.18,322478.56,27.3
2019-10,385442.35,410503.77,-6.11,349355.88,10.33
2019-11,383786.06,385442.35,-0.43,350436.26,9.52
2019-12,375054.04,383786.06,-2.28,347889.17,7.81
