year_month,monthly_cost_usd,rolling_3m_avg_cost_usd,rolling_12m_avg_cost_usd
2016-01,251871.95,251871.95,251871.95
2016-02,256441.92,254156.93,254156.93
2016-03,262776.82,257030.23,257030.23
2016-04,257683.12,258967.29,257193.45
2016-05,293016.65,271158.86,264358.09
2016-06,276389.26,275696.34,266363.29
2016-07,259446.37,276284.09,265375.16
2016-08,250558.67,262131.43,263523.09
2016-09,254419.8,254808.28,262511.62
2016-10,278509.19,261162.55,264111.38
2016-11,243543.52,258824.17,262241.57
2016-12,273912.03,265321.58,263214.11
2017-01,327543.39,281666.31,269520.06
2017-02,308289.34,303248.25,273840.68
2017-03,279050.37,304961.03,275196.81
2017-04,334567.59,307302.43,281603.85
2017-05,311501.99,308373.32,283144.29
2017-06,292960.25,313009.94,284525.21
2017-07,312327.07,305596.44,288931.93
2017-08,299995.6,301760.97,293051.68
2017-09,321001.19,311107.95,298600.13
2017-10,318478.87,313158.55,301930.93
2017-11,334171.61,324550.56,309483.27
2017-12,314740.92,322463.8,312885.68
2018-01,339433.99,329448.84,313876.57
2018-02,381102.42,345092.44,319944.32
2018-03,342151.99,354229.47,325202.79
2018-04,390827.72,371360.71,329891.14
2018-05,341481.71,358153.81,332389.45
2018-06,354312.32,362207.25,337502.12
2018-07,362708.11,352834.05,341700.54
2018-08,352113.39,356377.94,346043.69
2018-09,322478.56,345766.69,346166.8
2018-10,349355.88,341315.94,348739.89
2018-11,350436.26,340756.9,350095.27
2018-12,347889.17,349227.1,352857.63
2019-01,399581.57,365969.0,357869.92
2019-02,396950.4,381473.71,359190.59
2019-03,407781.22,401437.73,364659.69
2019-04,383142.96,395958.19,364019.3
2019-05,378609.19,389844.46,367113.25
2019-06,400549.97,387434.04,370966.39
2019-07,401039.34,393399.5,374160.66
2019-08,372569.18,391386.16,375865.31
2019-09,410503.77,394704.1,383200.74
2019-10,385442.35,389505.1,386207.95
2019-11,383786.06,393244.06,388987.1
2019-12,375054.04,381427.48,391250.84
