Date,Year,Month_Number,Month_Name,Month_Full_Name,Quarter,Year_Quarter,Year_Month
2016-01-01,2016,1,Jan,January,Q1,2016-Q1,2016-01
2016-02-01,2016,2,Feb,February,Q1,2016-Q1,2016-02
2016-03-01,2016,3,Mar,March,Q1,2016-Q1,2016-03
2016-04-01,2016,4,Apr,April,Q2,2016-Q2,2016-04
2016-05-01,2016,5,May,May,Q2,2016-Q2,2016-05
2016-06-01,2016,6,Jun,June,Q2,2016-Q2,2016-06
2016-07-01,2016,7,Jul,July,Q3,2016-Q3,2016-07
2016-08-01,2016,8,Aug,August,Q3,2016-Q3,2016-08
2016-09-01,2016,9,Sep,September,Q3,2016-Q3,2016-09
2016-10-01,2016,10,Oct,October,Q4,2016-Q4,2016-10
2016-11-01,2016,11,Nov,November,Q4,2016-Q4,2016-11
2016-12-01,2016,12,Dec,December,Q4,2016-Q4,2016-12
2017-01-01,2017,1,Jan,January,Q1,2017-Q1,2017-01
2017-02-01,2017,2,Feb,February,Q1,2017-Q1,2017-02
2017-03-01,2017,3,Mar,March,Q1,2017-Q1,2017-03
2017-04-01,2017,4,Apr,April,Q2,2017-Q2,2017-04
2017-05-01,2017,5,May,May,Q2,2017-Q2,2017-05
2017-06-01,2017,6,Jun,June,Q2,2017-Q2,2017-06
2017-07-01,2017,7,Jul,July,Q3,2017-Q3,2017-07
2017-08-01,2017,8,Aug,August,Q3,2017-Q3,2017-08
2017-09-01,2017,9,Sep,September,Q3,2017-Q3,2017-09
2017-10-01,2017,10,Oct,October,Q4,2017-Q4,2017-10
2017-11-01,2017,11,Nov,November,Q4,2017-Q4,2017-11
2017-12-01,2017,12,Dec,December,Q4,2017-Q4,2017-12
2018-01-01,2018,1,Jan,January,Q1,2018-Q1,2018-01
2018-02-01,2018,2,Feb,February,Q1,2018-Q1,2018-02
2018-03-01,2018,3,Mar,March,Q1,2018-Q1,2018-03
2018-04-01,2018,4,Apr,April,Q2,2018-Q2,2018-04
2018-05-01,2018,5,May,May,Q2,2018-Q2,2018-05
2018-06-01,2018,6,Jun,June,Q2,2018-Q2,2018-06
2018-07-01,2018,7,Jul,July,Q3,2018-Q3,2018-07
2018-08-01,2018,8,Aug,August,Q3,2018-Q3,2018-08
2018-09-01,2018,9,Sep,September,Q3,2018-Q3,2018-09
2018-10-01,2018,10,Oct,October,Q4,2018-Q4,2018-10
2018-11-01,2018,11,Nov,November,Q4,2018-Q4,2018-11
2018-12-01,2018,12,Dec,December,Q4,2018-Q4,2018-12
2019-01-01,2019,1,Jan,January,Q1,2019-Q1,2019-01
2019-02-01,2019,2,Feb,February,Q1,2019-Q1,2019-02
2019-03-01,2019,3,Mar,March,Q1,2019-Q1,2019-03
2019-04-01,2019,4,Apr,April,Q2,2019-Q2,2019-04
2019-05-01,2019,5,May,May,Q2,2019-Q2,2019-05
2019-06-01,2019,6,Jun,June,Q2,2019-Q2,2019-06
2019-07-01,2019,7,Jul,July,Q3,2019-Q3,2019-07
2019-08-01,2019,8,Aug,August,Q3,2019-Q3,2019-08
2019-09-01,2019,9,Sep,September,Q3,2019-Q3,2019-09
2019-10-01,2019,10,Oct,October,Q4,2019-Q4,2019-10
2019-11-01,2019,11,Nov,November,Q4,2019-Q4,2019-11
2019-12-01,2019,12,Dec,December,Q4,2019-Q4,2019-12
2020-01-01,2020,1,Jan,January,Q1,2020-Q1,2020-01
2020-02-01,2020,2,Feb,February,Q1,2020-Q1,2020-02
2020-03-01,2020,3,Mar,March,Q1,2020-Q1,2020-03
2020-04-01,2020,4,Apr,April,Q2,2020-Q2,2020-04
2020-05-01,2020,5,May,May,Q2,2020-Q2,2020-05
2020-06-01,2020,6,Jun,June,Q2,2020-Q2,2020-06
2020-07-01,2020,7,Jul,July,Q3,2020-Q3,2020-07
2020-08-01,2020,8,Aug,August,Q3,2020-Q3,2020-08
2020-09-01,2020,9,Sep,September,Q3,2020-Q3,2020-09
2020-10-01,2020,10,Oct,October,Q4,2020-Q4,2020-10
2020-11-01,2020,11,Nov,November,Q4,2020-Q4,2020-11
2020-12-01,2020,12,Dec,December,Q4,2020-Q4,2020-12
