Building,City,Total_Cost,Water_Cost,Electricity_Cost,Gas_Cost,Water_Consumption,Electricity_Consumption,Gas_Consumption,Avg_Monthly_Cost,Water_Cost_Share_Pct,Electricity_Cost_Share_Pct,Gas_Cost_Share_Pct,Cost_Rank,Cost_2016,Cost_2019,4Y_Cost_Growth_Pct
B1008,Chicago,1496830.09,1033473.78,182246.46,281109.85,17723457,1952741,237790,31183.96,69.04,12.18,18.78,1,261367.05,439765.29,68.26
B1006,Phoenix,1479068.11,1033106.32,187684.19,258277.6,17877559,2007260,220277,30813.92,69.85,12.69,17.46,2,326749.59,419333.63,28.33
B1001,New York,1477667.48,1013730.5,184374.81,279562.18,17306610,1974339,237083,30784.74,68.6,12.48,18.92,3,269053.61,478744.62,77.94
B1000,New York,1468356.72,1006647.8,179452.02,282256.89,17378023,1918687,238953,30590.76,68.56,12.22,19.22,4,277488.86,404609.59,45.81
B1003,Los Angeles,1461989.79,1001807.4,188163.32,272019.08,17264661,2013899,230655,30458.12,68.52,12.87,18.61,5,285212.02,423219.29,48.39
B1010,Los Angeles,1459011.21,995068.91,186664.08,277278.21,17140639,1996596,233901,30396.07,68.2,12.79,19.0,6,307442.37,480157.3,56.18
B1004,Chicago,1453834.04,986020.25,181438.79,286375.0,16996535,1939419,243603,30288.21,67.82,12.48,19.7,7,292112.86,427857.06,46.47
B1005,Houston,1440927.74,999415.99,176485.41,265026.35,17290738,1886587,225232,30019.33,69.36,12.25,18.39,8,298937.8,410206.87,37.22
B1002,New York,1389020.23,928239.43,184659.8,276120.99,16024977,1974473,233902,28937.92,66.83,13.29,19.88,9,277845.03,408797.04,47.13
B1009,Los Angeles,1359142.12,904528.03,189077.5,265536.6,15600543,2018804,224944,28315.46,66.55,13.91,19.54,10,275774.26,412734.54,49.66
B1007,Chicago,1356651.42,904153.65,185049.64,267448.12,15641585,1984173,226748,28263.57,66.65,13.64,19.71,11,286585.85,389584.82,35.94
