Period,Utility,Prev_Quantity,Curr_Quantity,Delta_Quantity,Quantity_Growth_Pct,Prev_Price,Curr_Price,Price_Growth_Pct,Prev_Cost,Curr_Cost,Delta_Cost,Cost_Growth_Pct,Volume_Effect_USD,Price_Effect_USD,Volume_Contribution_Pct,Price_Contribution_Pct
2016 -> 2017,Water,45186526.0,47965802.0,2779276.0,6.15,0.05,0.055,10.0,2259326.3,2638119.11,378792.81,16.77,138963.8,239829.01,36.69,63.31
2016 -> 2017,Electricity,4934000.0,5243790.0,309790.0,6.28,0.08,0.088,10.0,394720.0,461453.52,66733.52,16.91,24783.2,41950.32,37.14,62.86
2016 -> 2017,Gas,504523.0,595505.0,90982.0,18.03,1.0,1.1,10.0,504523.0,655055.5,150532.5,29.84,90982.0,59550.5,60.44,39.56
2016 -> 2017,Total Portfolio,,,,,,,,3158569.3,3754628.13,596058.83,18.87,254729.0,341329.83,42.74,57.26
2017 -> 2018,Water,47965802.0,47370649.0,-595153.0,-1.24,0.055,0.0605,10.0,2638119.11,2865924.26,227805.15,8.64,-32733.42,260538.57,-14.37,114.37
2017 -> 2018,Electricity,5243790.0,5603950.0,360160.0,6.87,0.088,0.0968,10.0,461453.52,542462.36,81008.84,17.56,31694.08,49314.76,39.12,60.88
2017 -> 2018,Gas,595505.0,682566.0,87061.0,14.62,1.1,1.21,10.0,655055.5,825904.86,170849.36,26.08,95767.1,75082.26,56.05,43.95
2017 -> 2018,Total Portfolio,,,,,,,,3754628.13,4234291.48,479663.35,12.78,94727.76,384935.59,19.75,80.25
2018 -> 2019,Water,47370649.0,45722350.0,-1648299.0,-3.48,0.0605,0.06655,10.0,2865924.26,3042822.39,176898.13,6.17,-99722.09,276620.22,-56.37,156.37
2018 -> 2019,Electricity,5603950.0,5885238.0,281288.0,5.02,0.0968,0.10648,10.0,542462.36,626660.14,84197.78,15.52,27228.68,56969.1,32.34,67.66
2018 -> 2019,Gas,682566.0,770494.0,87928.0,12.88,1.21,1.331,10.0,825904.86,1025527.51,199622.65,24.17,106392.88,93229.77,53.3,46.7
2018 -> 2019,Total Portfolio,,,,,,,,4234291.48,4695010.05,460718.56,10.88,33899.47,426819.1,7.36,92.64
